photo,lieu,latitude,longitude,month,year,x,y,Mean IoU,Class 1 IoU,Class 2 IoU,Mean Acc,Class 1 Acc,Class 2 Acc,LowMeanIoU,LowClass1Iou,LowClass2IoU,LowMeanAcc,LowClass1Acc,LowClass2Acc,MeanIoULight,Class1IoULight,Class2IoULight,MeanAccLight,Class1AccLight,Class2AccLight,difficulty
207_rgb.png,Vignale,42.5377641,9.381635,8,2013,0.971531355,0.872812733,0.067501658,0.009790672,0.125212643,0.127329305,-0.040113458,0.294772067,0.777027217,0.932745244,0.621309189,0.819293865,0.992847863,0.645739866,0.844528874,0.942535916,0.746521832,0.946623169,0.952734405,0.940511933,easy
206_rgb.png,Vignale,42.5377641,9.381635,8,2013,0.971531355,0.872812733,0.119911907,0.042146278,0.197677536,0.099481355,0.005601626,0.193361084,0.768377261,0.917659113,0.619095409,0.82722023,0.981499656,0.672940803,0.888289168,0.959805391,0.816772945,0.926701585,0.987101282,0.866301887,easy
191_rgb.png,Vignale,42.5377641,9.381635,10,2005,0.971531355,0.872812733,0.406328909,0.107164728,0.70549309,0.359756374,-0.003812838,0.723325585,0.503453099,0.865192259,0.141713938,0.570855908,0.999990322,0.141721494,0.909782008,0.972356987,0.847207028,0.930612281,0.996177484,0.865047079,difficult
189_rgb.png,Vignale,42.5377641,9.381635,10,2005,0.971531355,0.872812733,0.089009693,0.027500938,0.150518449,0.066337007,0.009213887,0.123460127,0.798563668,0.939818641,0.657308695,0.859241097,0.979839139,0.738643056,0.887573361,0.967319579,0.807827144,0.925578104,0.989053026,0.862103183,easy
182_rgb.png,Vignale,42.5377641,9.381635,10,2005,0.971531355,0.872812733,0.233549692,0.110319042,0.356780342,0.190420945,0.005860111,0.37498178,0.663653493,0.835381742,0.491925245,0.752725516,0.968503498,0.536947534,0.897203185,0.945700784,0.848705587,0.943146461,0.974363609,0.911929314,easy
258_rgb.png,Vezzani,42.17362,9.2461,8,2001,0.779231439,0.540471617,0.049208351,0.004215457,0.094201245,0.091960248,-0.001692399,0.185612895,0.727839252,0.972211187,0.483467317,0.889004263,0.978597965,0.799410562,0.777047603,0.976426644,0.577668562,0.980964512,0.976905566,0.985023457,easy
257_rgb.png,Vezzani,42.17362,9.2461,8,2001,0.779231439,0.540471617,0.286007265,0.047856184,0.524158346,0.273169912,0.008178995,0.538160828,0.616609891,0.936797455,0.296422327,0.668568049,0.985071026,0.352065072,0.902617156,0.984653639,0.820580673,0.941737961,0.993250021,0.890225901,difficult
188_rgb.png,Vezzani,42.17362,9.2461,10,2005,0.779231439,0.540471617,0.044897458,0.01417076,0.075624155,0.029328594,0.005535276,0.053121912,0.861987116,0.957990346,0.765983885,0.898062648,0.990964614,0.805160683,0.906884573,0.972161106,0.841608041,0.927391242,0.996499889,0.858282595,easy
186_rgb.png,Vezzani,42.17362,9.2461,10,2005,0.779231439,0.540471617,0.448107922,0.096823045,0.799392799,0.403873742,-0.001820007,0.809567491,0.437448343,0.874896685,0,0.5,1,0,0.885556264,0.97171973,0.799392799,0.903873742,0.998179993,0.809567491,difficult
185_rgb.png,Vezzani,42.17362,9.2461,10,2005,0.779231439,0.540471617,0.442131325,0.078618069,0.805644581,0.409028095,-0.001991235,0.820047424,0.449890037,0.899780074,0,0.5,1,0,0.892021361,0.978398142,0.805644581,0.909028095,0.998008765,0.820047424,difficult
146_rgb.png,Vezzani,42.17362,9.2461,1,2011,0.779231439,0.540471617,0.133344053,0.051329744,0.215358363,0.097931647,0.015264143,0.180599151,0.765023858,0.910821262,0.619226454,0.828442448,0.977855189,0.679029706,0.898367911,0.962151005,0.834584816,0.926374095,0.993119332,0.859628858,easy
100_rgb.png,Tolla,41.9751394,8.9728308,4,2011,0.391511335,0.359325571,0.157900791,0.006682265,0.309119316,0.174009773,-0.001020273,0.349039818,0.77646219,0.990328539,0.562595841,0.781364216,0.999994522,0.56273391,0.934362981,0.997010805,0.871715157,0.955373989,0.998974249,0.911773728,easy
099_rgb.png,Tolla,41.9751394,8.9728308,4,2011,0.391511335,0.359325571,0.235498074,0.050613305,0.420382843,0.256514661,0.001373252,0.51165607,0.587045101,0.908603996,0.265486206,0.651501323,0.974355962,0.328646685,0.822543175,0.959217301,0.68586905,0.908015984,0.975729214,0.840302755,difficult
098_rgb.png,Tolla,41.9751394,8.9728308,4,2011,0.391511335,0.359325571,0.279476233,0.048559401,0.510393065,0.265837885,-0.000561701,0.532237472,0.647307838,0.937860721,0.356754955,0.682649507,0.996701571,0.368597443,0.926784071,0.986420122,0.86714802,0.948487392,0.996139869,0.900834915,difficult
097_rgb.png,Tolla,41.9751394,8.9728308,4,2011,0.391511335,0.359325571,0.321481637,0.073732403,0.569230871,0.298229766,-0.005033016,0.601492549,0.629312605,0.913553242,0.345071967,0.67260434,0.999901656,0.345307025,0.950794242,0.987285645,0.914302838,0.970834107,0.99486864,0.946799573,difficult
260_rgb.png,Teghime,42.6771224,9.3827567,7,2002,0.973122846,1,0.129712095,0.028429471,0.23099472,0.088519809,0.0149548,0.162084818,0.735817659,0.948010838,0.52362448,0.813594915,0.978253377,0.648936453,0.865529754,0.976440309,0.7546192,0.902114724,0.993208176,0.811021271,easy
195_rgb.png,Teghime,42.6771224,9.3827567,10,2005,0.973122846,1,0.466845246,0.193533685,0.740156807,0.372403173,-0.003775884,0.748582231,0.419944669,0.747019384,0.092869953,0.546434976,1,0.092869953,0.886789914,0.940553069,0.83302676,0.91883815,0.996224116,0.841452184,difficult
194_rgb.png,Teghime,42.6771224,9.3827567,10,2005,0.973122846,1,0.302396209,0.1273994,0.477393018,0.248558962,-0.012663835,0.50978176,0.573937587,0.808089856,0.339785319,0.669834742,0.997503112,0.342166372,0.876333797,0.935489256,0.817178337,0.918393704,0.984839277,0.851948132,difficult
193_rgb.png,Teghime,42.6771224,9.3827567,10,2005,0.973122846,1,0.182347491,0.117338987,0.247355995,0.127880341,0.014031461,0.241729221,0.67821529,0.781357677,0.575072904,0.786750043,0.967085118,0.606414967,0.860562781,0.898696664,0.822428898,0.914630384,0.981116579,0.848144188,easy
192_rgb.png,Teghime,42.6771224,9.3827567,10,2005,0.973122846,1,0.117921503,0.009421492,0.226421514,0.140238003,-0.003065593,0.283541598,0.763771454,0.979561278,0.547981629,0.779095513,0.99908218,0.559108846,0.881692956,0.988982769,0.774403143,0.919333516,0.996016588,0.842650444,easy
116_rgb.png,Tarrano,42.35,9.4017,11,2013,1,0.701447247,0.306427959,0.083526135,0.529329782,0.323132062,-0.041740743,0.688004867,0.558126445,0.86164804,0.254604851,0.627499897,0.997980544,0.257019251,0.864554404,0.945174175,0.783934633,0.950631959,0.956239801,0.945024118,difficult
115_rgb.png,Tarrano,42.35,9.4017,11,2013,1,0.701447247,-0.131953915,-0.079257596,-0.184650234,0.063898053,-0.112005926,0.239802033,0.845530307,0.96171169,0.729348923,0.87446811,0.995277628,0.753658593,0.713576392,0.882454094,0.544698689,0.938366164,0.883271702,0.993460625,easy
114_rgb.png,Tarrano,42.35,9.4017,11,2013,1,0.701447247,0.127779914,0.026374493,0.229185335,0.124962692,-0.001436933,0.251362316,0.760706509,0.948979938,0.572433081,0.798552068,0.993560114,0.603544022,0.888486424,0.975354432,0.801618416,0.92351476,0.992123181,0.854906338,easy
113_rgb.png,Tarrano,42.35,9.4017,11,2013,1,0.701447247,0.297567881,0.228821051,0.366314711,0.19887579,0.040103308,0.357648272,0.586976008,0.665959996,0.507992019,0.738412504,0.92480974,0.552015268,0.884543889,0.894781047,0.87430673,0.937288294,0.964913048,0.90966354,easy
112_rgb.png,Tarrano,42.35,9.4017,10,2013,1,0.701447247,0.140256477,0.042300966,0.238211988,0.12251706,0.005527615,0.239506506,0.692076125,0.906052236,0.478100013,0.753929143,0.982413156,0.525445129,0.832332601,0.948353202,0.716312001,0.876446203,0.987940771,0.764951635,easy
111_rgb.png,Tarrano,42.35,9.4017,10,2013,1,0.701447247,0.206102953,0.068737417,0.343468488,0.202419509,-0.015801084,0.420640102,0.703276323,0.894869724,0.511682922,0.763096561,0.98849309,0.537700032,0.909379276,0.963607142,0.85515141,0.96551607,0.972692006,0.958340134,easy
110_rgb.png,Tarrano,42.35,9.4017,12,2013,1,0.701447247,0.345962739,0.036458987,0.65546649,0.401906836,-0.01487242,0.818686092,0.508299171,0.941623578,0.074974764,0.537492864,0.999908871,0.075076856,0.85426191,0.978082566,0.730441254,0.9393997,0.985036451,0.893762949,difficult
109_rgb.png,Tarrano,42.35,9.4017,11,2013,1,0.701447247,0.165201683,0.080592963,0.249810403,0.117740987,0.034091062,0.201390912,0.648946838,0.834833569,0.463060107,0.739376105,0.964796373,0.513955836,0.814148521,0.915426532,0.71287051,0.857117092,0.998887436,0.715346748,easy
108_rgb.png,Tarrano,42.35,9.4017,11,2013,1,0.701447247,0.112088287,0.089901475,0.134275098,0.070841892,0.025778169,0.115905616,0.762858859,0.803703328,0.72201439,0.859267699,0.940520733,0.778014665,0.874947146,0.893604804,0.856289488,0.930109591,0.966298902,0.893920281,easy
107_rgb.png,Tarrano,42.35,9.4017,10,2013,1,0.701447247,0.371211612,0.132567951,0.609855273,0.329610866,-0.020542503,0.679764235,0.548352483,0.831004973,0.265699992,0.632818694,0.998033278,0.26760411,0.919564095,0.963572925,0.875555265,0.96242956,0.977490775,0.947368345,difficult
277_rgb.png,Salario (Ajaccio),41.920579,8.6968895,7,2006,0,0.309530272,-0.047914378,-0.026355064,-0.069473693,0.022277888,-0.037682743,0.08223852,0.835483704,0.949823361,0.721144046,0.935733967,0.962298338,0.909169597,0.787569325,0.923468298,0.651670353,0.958011856,0.924615595,0.991408116,easy
276_rgb.png,Salario (Ajaccio),41.920579,8.6968895,7,2006,0,0.309530272,0.160924144,-0.046278607,0.368126895,0.360930958,-0.163963292,0.885825208,0.493567362,0.880716959,0.106417765,0.553108399,0.999316963,0.106899835,0.654491506,0.834438351,0.47454466,0.914039357,0.835353671,0.992725044,difficult
271_rgb.png,Salario (Ajaccio),41.920579,8.6968895,7,2006,0,0.309530272,0.189896314,0.039083329,0.3407093,0.190454451,-0.007448364,0.388357265,0.678316043,0.929091864,0.427540221,0.715567067,0.998403427,0.432730706,0.868212357,0.968175193,0.768249521,0.906021517,0.990955063,0.821087971,easy
270_rgb.png,Salario (Ajaccio),41.920579,8.6968895,7,2006,0,0.309530272,0.340328904,0.036437596,0.644220211,0.323905323,-0.000353143,0.64816379,0.482902033,0.943389681,0.022414385,0.511203936,0.99998974,0.022418132,0.823230936,0.979827277,0.666634596,0.835109259,0.999636598,0.670581921,difficult
269_rgb.png,Salario (Ajaccio),41.920579,8.6968895,7,2006,0,0.309530272,0.346927039,0.030266141,0.663587937,0.445534017,-0.020498305,0.91156634,0.497898013,0.946956924,0.048839102,0.524419551,1,0.048839102,0.844825052,0.977223065,0.712427039,0.969953568,0.979501695,0.960405442,difficult
268_rgb.png,Salario (Ajaccio),41.920579,8.6968895,7,2006,0,0.309530272,0.40156005,0.042417613,0.760702487,0.447489946,-0.012485519,0.907465411,0.46960923,0.93921846,0,0.5,1,0,0.87116928,0.981636073,0.760702487,0.947489946,0.987514481,0.907465411,difficult
273_rgb.png,Saint Cyprien,41.6363249,9.345439,6,2005,0.920175707,0.050101862,-0.097369142,-0.040721603,-0.15401668,-0.030297771,-0.04007573,-0.020519811,0.723242016,0.951778708,0.494705324,0.88623575,0.962434241,0.810037259,0.625872874,0.911057105,0.340688644,0.85593798,0.922358511,0.789517448,easy
267_rgb.png,Saint Cyprien,41.6363249,9.345439,6,2005,0.920175707,0.050101862,0.439622538,0.071521443,0.807723634,0.452928988,-0.014480614,0.920338591,0.452955463,0.905910925,0,0.5,1,0,0.892578001,0.977432368,0.807723634,0.952928988,0.985519386,0.920338591,difficult
102_rgb.png,Pioggiola,42.5371144,8.9971028,1,2012,0.425948961,0.872219775,0.294829851,0.102071722,0.487587979,0.249115335,0,0.49823067,0.565992825,0.842531003,0.289454647,0.64509265,0.994412661,0.295772638,0.860822676,0.944602725,0.777042626,0.894207985,0.994412661,0.794003308,difficult
030_rgb.png,Pioggiola,42.5371144,8.9971028,3,2007,0.425948961,0.872219775,0.212582949,0.077461972,0.347703925,0.179376093,0.004467174,0.354285011,0.654064087,0.869636278,0.438491897,0.72491793,0.985201102,0.464634757,0.866647036,0.94709825,0.786195821,0.904294022,0.989668276,0.818919768,easy
190_rgb.png,Pioggiola,42.5371144,8.9971028,10,2005,0.425948961,0.872219775,0.41040417,0.230334966,0.590473374,0.294906724,-0.005226505,0.595039954,0.358155034,0.58203694,0.134273128,0.567136564,1,0.134273128,0.768559204,0.812371906,0.724746502,0.862043289,0.994773495,0.729313082,difficult
187_rgb.png,Pioggiola,42.5371144,8.9971028,10,2005,0.425948961,0.872219775,0.135850514,0.085202663,0.186498366,0.093874916,0.016525941,0.171223891,0.745693542,0.835627976,0.655759108,0.832002641,0.968054456,0.695950826,0.881544056,0.920830639,0.842257473,0.925877558,0.984580398,0.867174717,easy
143_rgb.png,Pioggiola,42.5371144,8.9971028,1,2011,0.425948961,0.872219775,0.262306241,0.141165208,0.383447274,0.204400216,0.004155113,0.404645318,0.648399555,0.803383256,0.493415853,0.749021662,0.966534313,0.53150901,0.910705796,0.944548464,0.876863127,0.953421877,0.970689427,0.936154328,easy
275_rgb.png,Piccovaggia,41.5814286,9.3390826,7,2011,0.911157112,0,0.456300323,0.085764471,0.826836175,0.428761617,-0.00520584,0.862729073,0.446459346,0.892918692,0,0.5,1,0,0.902759669,0.978683162,0.826836175,0.928761617,0.99479416,0.862729073,difficult
274_rgb.png,Piccovaggia,41.5814286,9.3390826,7,2011,0.911157112,0,0.001050652,-0.001444187,0.003545491,0.056362537,-0.010459557,0.123184631,0.915559756,0.988265291,0.842854222,0.928771968,0.998585337,0.858958598,0.916610408,0.986821103,0.846399713,0.985134505,0.98812578,0.982143229,easy
272_rgb.png,Oso,41.6869551,9.2624559,3,2012,0.802437535,0.09631021,-0.123314898,-0.064430715,-0.182199082,0.093931409,-0.085856491,0.273719309,0.798678278,0.967445962,0.629910593,0.847597505,0.990435992,0.704759018,0.675363379,0.903015247,0.447711512,0.941528914,0.904579501,0.978478327,easy
208_rgb.png,Ortolo,41.5939295,9.0218078,7,2009,0.461000936,0.011409118,-0.28344587,-0.294235417,-0.272656323,0.029008195,-0.319900694,0.377917084,0.683396891,0.959031218,0.407762563,0.72785071,0.991276325,0.464425095,0.399951021,0.664795801,0.13510624,0.756858905,0.671375631,0.84234218,easy
240_rgb.png,Monte,42.4686,9.3914,10,2006,0.985386143,0.809689167,0.280425925,0.048043523,0.512808328,0.260721747,0.003352877,0.518090616,0.566725819,0.925259306,0.208192332,0.607444087,0.994299762,0.220588413,0.847151745,0.973302829,0.72100066,0.868165834,0.997652639,0.738679029,difficult
128_rgb.png,Monte,42.4686,9.3914,10,2012,0.985386143,0.809689167,0.013804267,-0.0372926,0.064901134,0.116340552,-0.116730973,0.349412078,0.711785365,0.879631584,0.543939145,0.790284929,0.967118748,0.613451111,0.725589632,0.842338984,0.60884028,0.906625481,0.850387774,0.962863188,easy
127_rgb.png,Monte,42.4686,9.3914,10,2012,0.985386143,0.809689167,0.44716583,0.149766488,0.744565173,0.394941002,-0.030114543,0.819996547,0.385429679,0.770859358,0,0.5,1,0,0.832595509,0.920625846,0.744565173,0.894941002,0.969885457,0.819996547,difficult
126_rgb.png,Monte,42.4686,9.3914,10,2012,0.985386143,0.809689167,0.340801289,0.126048773,0.555553805,0.298697976,-0.037204621,0.634600573,0.437426478,0.752837774,0.122015182,0.558827955,0.993451128,0.124204781,0.778227767,0.878886548,0.677568987,0.857525931,0.956246507,0.758805354,difficult
125_rgb.png,Monte,42.4686,9.3914,10,2012,0.985386143,0.809689167,0.115794101,0.035389026,0.196199176,0.093727614,0.008325211,0.179130017,0.682453731,0.904960366,0.459947096,0.739461683,0.987809493,0.491113873,0.798247832,0.940349392,0.656146272,0.833189297,0.996134703,0.67024389,easy
124_rgb.png,Monte,42.4686,9.3914,10,2012,0.985386143,0.809689167,-0.055082171,-0.012042656,-0.098121685,0.049593071,-0.018953949,0.118140092,0.884871144,0.986817326,0.782924962,0.906850721,0.997497092,0.81620435,0.829788973,0.974774669,0.684803276,0.956443793,0.978543143,0.934344442,easy
123_rgb.png,Monte,42.4686,9.3914,10,2012,0.985386143,0.809689167,0.29945409,0.154367071,0.444541109,0.230581582,0.055250947,0.405912216,0.593775371,0.792144134,0.395406608,0.705986883,0.923826292,0.488147474,0.893229461,0.946511205,0.839947718,0.936568465,0.979077239,0.894059691,easy
122_rgb.png,Monte,42.4686,9.3914,10,2012,0.985386143,0.809689167,0.079399678,-0.057731496,0.216530853,0.051641816,-0.184273088,0.287556719,0.32014782,0.64029564,0,0.5,1,0,0.399547498,0.582564144,0.216530853,0.551641816,0.815726912,0.287556719,easy
121_rgb.png,Monte,42.4686,9.3914,10,2012,0.985386143,0.809689167,0.191937437,0.062898913,0.320975961,0.115927989,0.038380339,0.193475639,0.7271293,0.916157111,0.538101489,0.832241858,0.954165087,0.710318629,0.919066737,0.979056024,0.85907745,0.948169847,0.992545426,0.903794268,easy
117_rgb.png,Monte,42.4686,9.3914,11,2013,0.985386143,0.809689167,0.236911596,0.124071498,0.349751695,0.1956422,-0.042802985,0.434087385,0.671114705,0.812918904,0.529310505,0.765065903,0.992409554,0.537722252,0.908026301,0.936990402,0.8790622,0.960708103,0.949606569,0.971809636,easy
034_rgb.png,Letia- Corse,42.1905264,8.8467517,4,2009,0.21262765,0.555901475,0.193836988,0.11483809,0.272835886,0.137563586,0.008151222,0.26697595,0.640722261,0.771272406,0.510172117,0.754372653,0.989239328,0.519505978,0.834559249,0.886110495,0.783008003,0.891936239,0.99739055,0.786481928,easy
142_rgb.png,Letia - Corse,42.1905264,8.8467517,10,2009,0.21262765,0.555901475,0.446903828,0.161267825,0.732539832,0.36943471,-0.004684316,0.743553735,0.385211096,0.761908442,0.008513751,0.504256875,1,0.008513751,0.832114925,0.923176267,0.741053582,0.873691585,0.995315684,0.752067486,difficult
119_rgb.png,Letia - Corse,42.1905264,8.8467517,11,2013,0.21262765,0.555901475,0.084028343,0.038421266,0.12963542,0.051920322,0.019224662,0.084615982,0.81766016,0.919960651,0.715359668,0.888402314,0.964940871,0.811863757,0.901688502,0.958381917,0.844995088,0.940322636,0.984165533,0.896479739,easy
118_rgb.png,Letia - Corse,42.1905264,8.8467517,11,2013,0.21262765,0.555901475,0.243158223,0.061163305,0.425153141,0.217967368,-0.000641379,0.436576116,0.643937567,0.907768413,0.380106721,0.692173334,0.996907763,0.387438904,0.88709579,0.968931719,0.805259862,0.910140702,0.996266384,0.824015021,difficult
076_rgb.png,Letia - Corse,42.1905264,8.8467517,10,2009,0.21262765,0.555901475,0.415313716,0.119474267,0.711153164,0.360750356,-0.004291673,0.725792384,0.427597737,0.825962669,0.029232806,0.514616403,1,0.029232806,0.842911453,0.945436936,0.74038597,0.875366758,0.995708327,0.75502519,difficult
054_rgb.png,Letia - Corse,42.1905264,8.8467517,10,2009,0.21262765,0.555901475,0.024135185,0.000999191,0.047271178,0.041527652,-0.001180786,0.084236091,0.854465735,0.992262778,0.716668692,0.876197434,0.998648025,0.753746844,0.87860092,0.99326197,0.763939871,0.917725087,0.997467238,0.837982935,easy
053_rgb.png,Letia - Corse,42.1905264,8.8467517,10,2009,0.21262765,0.555901475,0.20972376,0.004483077,0.414964444,0.21334099,0.000106896,0.426575083,0.535942349,0.990145171,0.081739526,0.542305715,0.999580638,0.085030791,0.745666109,0.994628248,0.496703971,0.755646704,0.999687534,0.511605874,easy
046_rgb.png,Letia - Corse,42.1905264,8.8467517,10,2009,0.21262765,0.555901475,0.10695833,0.005741995,0.208174665,0.123828762,-0.001354105,0.24901163,0.763974512,0.986492866,0.541456158,0.777937068,0.999183518,0.556690618,0.870932842,0.992234861,0.749630823,0.90176583,0.997829413,0.805702248,easy
042_rgb.png,Letia - Corse,42.1905264,8.8467517,10,2009,0.21262765,0.555901475,0.467056185,0.119702178,0.814410193,0.42111593,-0.008012467,0.850244328,0.422975667,0.845951335,0,0.5,1,0,0.890031853,0.965653512,0.814410193,0.92111593,0.991987533,0.850244328,difficult
041_rgb.png,Letia - Corse,42.1905264,8.8467517,10,2009,0.21262765,0.555901475,0.149462349,0.027326732,0.271597967,0.111710088,0.011786512,0.211633663,0.69685336,0.949889759,0.443816962,0.752093241,0.986672939,0.517513544,0.84631571,0.97721649,0.715414929,0.863803329,0.998459451,0.729147207,easy
039_rgb.png,Letia - Corse,42.1905264,8.8467517,10,2009,0.21262765,0.555901475,0.147666887,0.022892624,0.272441149,0.138986682,-0.000709161,0.278682525,0.704010717,0.952685811,0.455335622,0.728047839,0.999810225,0.456285453,0.851677603,0.975578435,0.727776771,0.867034521,0.999101064,0.734967978,easy
021_rgb.png,Letia - Corse,42.1905264,8.8467517,10,2009,0.21262765,0.555901475,0.164047731,0.004899777,0.323195684,0.162116908,0.000201512,0.324032303,0.541954723,0.986524218,0.097385228,0.549529447,0.999699383,0.09935951,0.706002454,0.991423995,0.420580913,0.711646354,0.999900896,0.423391813,easy
018_rgb.png,Letia - Corse,42.1905264,8.8467517,11,2010,0.21262765,0.555901475,0.072507458,0.010779394,0.134235522,0.044068199,0.005872172,0.082264225,0.834778534,0.977454172,0.692102897,0.90849746,0.98776314,0.829231781,0.907285992,0.988233565,0.826338419,0.952565659,0.993635312,0.911496006,easy
017_rgb.png,Letia - Corse,42.1905264,8.8467517,11,2010,0.21262765,0.555901475,0.124313238,0.040153446,0.208473029,0.0780636,0.023049856,0.133077344,0.768074797,0.930837232,0.605312362,0.864921659,0.961608989,0.768234328,0.892388034,0.970990678,0.813785391,0.942985259,0.984658846,0.901311672,easy
014_rgb.png,Letia - Corse,42.1905264,8.8467517,11,2010,0.21262765,0.555901475,0.064560405,0.046947308,0.082173502,0.034081368,0.033965372,0.034197365,0.829844529,0.882060578,0.777628479,0.907847143,0.933440133,0.882254154,0.894404934,0.929007886,0.859801981,0.941928512,0.967405504,0.916451519,easy
006_rgb.png,Letia - Corse,42.1905264,8.8467517,10,2009,0.21262765,0.555901475,0.032030318,0.00153473,0.062525906,0.045046303,-0.00100752,0.091100127,0.832556586,0.9905399,0.674573272,0.849213354,0.998956497,0.69947021,0.864586904,0.99207463,0.737099178,0.894259657,0.997948976,0.790570338,easy
005_rgb.png,Letia - Corse,42.1905264,8.8467517,11,2010,0.21262765,0.555901475,0.150544539,0.035861636,0.265227442,0.118896507,0.012687881,0.225105132,0.746620446,0.942200728,0.551040165,0.819310654,0.977805254,0.660816055,0.897164985,0.978062365,0.816267606,0.938207161,0.990493134,0.885921187,easy
106_rgb.png,Lama,42.4226,9.3073,10,2013,0.866063289,0.767706635,0.132557448,0.063835283,0.201279613,0.10130754,0.031293819,0.171321261,0.708722728,0.868031023,0.549414433,0.833939745,0.916980607,0.750898883,0.841280176,0.931866306,0.750694046,0.935247285,0.948274426,0.922220144,easy
105_rgb.png,Lama,42.4226,9.3073,10,2013,0.866063289,0.767706635,0.021586384,0.003508236,0.039664532,0.047430531,-0.011539832,0.106400893,0.817577925,0.942727752,0.692428097,0.917713849,0.960416116,0.875011582,0.839164309,0.946235988,0.732092629,0.96514438,0.948876285,0.981412475,easy
104_rgb.png,Lama,42.4226,9.3073,10,2013,0.866063289,0.767706635,0.14745435,0.10453662,0.19037208,0.089386579,0.058128702,0.120644456,0.753386211,0.828511097,0.678261325,0.850337367,0.92565174,0.775022993,0.900840561,0.933047717,0.868633405,0.939723946,0.983780443,0.895667449,easy
101_rgb.png,Lama,42.4226,9.3073,1,2012,0.866063289,0.767706635,0.168845198,0.044132877,0.293557519,0.148097859,0.003046514,0.293149205,0.700210823,0.920278717,0.480142929,0.748069365,0.99218971,0.50394902,0.869056021,0.964411594,0.773700447,0.896167224,0.995236224,0.797098225,easy
031_rgb.png,Lama,42.4226,9.3073,3,2007,0.866063289,0.767706635,0.287376084,0.087429668,0.4873225,0.252110254,-0.003565221,0.50778573,0.601845741,0.873959956,0.329731527,0.665677474,0.997090998,0.334263951,0.889221825,0.961389624,0.817054027,0.917787729,0.993525777,0.84204968,difficult
016_rgb.png,Corte,42.3052904,9.1511935,12,2012,0.644576095,0.660642417,0.227113164,0.170009884,0.284216443,0.155742031,0.033554903,0.27792916,0.4269294,0.45550576,0.39835304,0.683742564,0.960774654,0.406710473,0.654042564,0.625515644,0.682569483,0.839484595,0.994329557,0.684639633,easy
013_rgb.png,Corte,42.3052904,9.1511935,6,2012,0.644576095,0.660642417,0.199479611,0.014000639,0.384958582,0.195921562,-0.000361477,0.392204601,0.674918174,0.976841039,0.372995309,0.686497655,1,0.372995309,0.874397785,0.990841678,0.757953892,0.882419217,0.999638523,0.765199911,easy
184_rgb.png,Corte,42.3052904,9.1511935,10,2005,0.644576095,0.660642417,0.257920408,0.062573933,0.453266883,0.233894575,-0.002822787,0.470611937,0.63737666,0.909118303,0.365635016,0.683412475,0.999109008,0.367715941,0.895297068,0.971692237,0.818901899,0.917307049,0.996286221,0.838327877,difficult
183_rgb.png,Corte,42.3052904,9.1511935,10,2005,0.644576095,0.660642417,0.232318258,0.090021382,0.374615133,0.192793827,0.004364375,0.381223278,0.592792305,0.833669142,0.351915468,0.67740492,0.986418513,0.368391327,0.825110562,0.923690524,0.726530601,0.870198747,0.990782889,0.749614605,easy
139_rgb.png,Corte,42.3052904,9.1511935,1,2011,0.644576095,0.660642417,0.318325677,0.038243595,0.598407759,0.422427679,-0.12132609,0.966181448,0.418518934,0.834942792,0.002095075,0.501047538,1,0.002095075,0.736844611,0.873186387,0.600502834,0.923475216,0.87867391,0.968276523,difficult
029_rgb.png,Corse,42.18808965,9.068413771,3,2007,0.52712647,0.553677542,-0.02496397,-0.013489746,-0.036438195,-0.000915119,-0.01427046,0.012440222,0.650207952,0.930114729,0.370301174,0.856645176,0.941560353,0.771729999,0.625243982,0.916624983,0.33386298,0.855730057,0.927289893,0.784170221,easy
019_rgb.png,Corse,42.18808965,9.068413771,3,2007,0.52712647,0.553677542,-0.076026127,-0.008912059,-0.143140195,0.053020864,-0.011740902,0.11778263,0.848175241,0.992271112,0.70407937,0.884088549,0.997737991,0.770439107,0.772149114,0.983359053,0.560939176,0.937109413,0.985997089,0.888221737,easy
004_rgb.png,Corse,42.18808965,9.068413771,6,2012,0.52712647,0.553677542,0.173017189,0.070358387,0.275675992,0.134725709,0.026550828,0.242900589,0.607773244,0.848048451,0.367498036,0.692557426,0.966645906,0.418468945,0.780790433,0.918406838,0.643174028,0.827283134,0.993196734,0.661369535,easy
003_rgb.png,Corse,42.18808965,9.068413771,10,2009,0.52712647,0.553677542,0.13571803,0.052767558,0.218668502,0.095467339,0.022448573,0.168486105,0.752979914,0.907766832,0.598192996,0.833236799,0.963748807,0.702724792,0.888697944,0.96053439,0.816861498,0.928704138,0.98619738,0.871210897,easy
002_rgb.png,Corse,42.18808965,9.068413771,10,2009,0.52712647,0.553677542,0.386841162,0.190785429,0.582896894,0.306041538,0.029589363,0.582493713,0.441691632,0.710598528,0.172784737,0.574912187,0.961940887,0.187883487,0.828532794,0.901383957,0.755681631,0.880953725,0.99153025,0.7703772,difficult
001_rgb.png,Corse,42.18808965,9.068413771,11,2010,0.52712647,0.553677542,0.013736013,0.000354324,0.027117702,0.040569828,-0.013243259,0.094382914,0.831582945,0.953289183,0.709876706,0.882898601,0.984865474,0.780931728,0.845318957,0.953643507,0.736994408,0.923468429,0.971622215,0.875314642,easy
136_rgb.png,Castirla,42.3667,9.1667,1,2011,0.666577044,0.716688732,0.383220805,0.056527223,0.709914386,0.362573282,-0.00221481,0.727361374,0.458665031,0.917330061,0,0.5,1,0,0.841885835,0.973857284,0.709914386,0.862573282,0.99778519,0.727361374,difficult
134_rgb.png,Castirla,42.3667,9.1667,1,2011,0.666577044,0.716688732,0.248936924,0.235374195,0.262499652,0.153653329,0.072453103,0.234853555,0.64168189,0.6475377,0.63582608,0.789366718,0.877202372,0.701531064,0.890618814,0.882911895,0.898325732,0.943020047,0.949655475,0.93638462,easy
133_rgb.png,Castirla,42.3667,9.1667,1,2011,0.666577044,0.716688732,0.123007914,0.070533463,0.175482365,0.063930981,0.052782346,0.075079616,0.769145935,0.877537422,0.660754447,0.883135557,0.916018179,0.850252934,0.892153849,0.948070885,0.836236812,0.947066538,0.968800525,0.925332551,easy
132_rgb.png,Castirla,42.3667,9.1667,7,2006,0.666577044,0.716688732,0.14941922,0.211131379,0.087707062,0.082439903,0.256452939,-0.091573132,0.500331633,0.474652505,0.526010761,0.721631963,0.487964105,0.955299821,0.649750854,0.685783884,0.613717823,0.804071866,0.744417043,0.863726689,easy
131_rgb.png,Castirla,42.3667,9.1667,7,2006,0.666577044,0.716688732,0.245067834,0.079926305,0.410209363,0.203756048,0.021509491,0.386002605,0.611775707,0.875917208,0.347634206,0.687040452,0.970992845,0.403088058,0.856843541,0.955843512,0.757843569,0.8907965,0.992502336,0.789090663,easy
245_rgb.png,Castirla,42.3667,9.1667,4,2007,0.666577044,0.716688732,0.174973547,0.005903478,0.344043617,0.225459338,-0.002346942,0.453265618,0.646482456,0.986340678,0.306624235,0.664495694,0.998563253,0.330428135,0.821456004,0.992244156,0.650667852,0.889955032,0.996216311,0.783693753,difficult
244_rgb.png,Castirla,42.3667,9.1667,10,2006,0.666577044,0.716688732,0.250608167,0.102359633,0.398856701,0.221569725,-0.008849992,0.451989442,0.677959379,0.863682614,0.492236144,0.752720841,0.981580661,0.523861022,0.928567546,0.966042248,0.891092845,0.974290566,0.972730669,0.975850464,difficult
243_rgb.png,Castirla,42.3667,9.1667,3,2007,0.666577044,0.716688732,0.125655873,0.028556872,0.222754874,0.136075504,-0.006248382,0.27839939,0.80630499,0.954184569,0.658425411,0.845449084,0.991908292,0.698989876,0.931960864,0.982741441,0.881180286,0.981524588,0.98565991,0.977389266,easy
242_rgb.png,Castirla,42.3667,9.1667,3,2007,0.666577044,0.716688732,0.105115447,0.040431259,0.169799636,0.089542593,0.003000522,0.176084665,0.802061233,0.922299281,0.681823184,0.86351514,0.976261665,0.750768614,0.90717668,0.96273054,0.85162282,0.953057733,0.979262187,0.926853279,easy
241_rgb.png,Castirla,42.3667,9.1667,3,2007,0.666577044,0.716688732,0.322877537,0.125619006,0.520136068,0.281949184,0.008332079,0.555566289,0.609832715,0.845540313,0.374125117,0.69474996,0.968559935,0.420939986,0.932710252,0.971159319,0.894261184,0.976699145,0.976892014,0.976506275,difficult
145_rgb.png,Casamaccioli,42.31809,9.0025398,1,2011,0.433663091,0.672324147,0.40006361,0.041412234,0.758714986,0.41156053,-0.00496948,0.82809054,0.509241526,0.947676319,0.070806732,0.535403366,1,0.070806732,0.909305136,0.989088553,0.829521718,0.946963896,0.99503052,0.898897272,difficult
144_rgb.png,Casamaccioli,42.31809,9.0025398,1,2011,0.433663091,0.672324147,0.384627113,0.065590608,0.703663618,0.381307338,-0.011271593,0.773886268,0.449257851,0.898515701,0,0.5,1,0,0.833884964,0.964106309,0.703663618,0.881307338,0.988728407,0.773886268,difficult
137_rgb.png,Casamaccioli,42.31809,9.0025398,1,2011,0.433663091,0.672324147,0.19131094,0.047673193,0.334948686,0.19485237,-0.011402693,0.401107434,0.686273877,0.915572293,0.45697546,0.733283413,0.994653473,0.471913352,0.877584817,0.963245486,0.791924147,0.928135783,0.98325078,0.873020786,easy
135_rgb.png,Casamaccioli,42.31809,9.0025398,1,2011,0.433663091,0.672324147,0.349420522,0.051340727,0.647500316,0.439979161,-0.044321629,0.92427995,0.477634629,0.900925846,0.054343413,0.526873988,0.998871353,0.054876623,0.827055151,0.952266573,0.70184373,0.966853148,0.954549724,0.979156573,difficult
063_rgb.png,Casamaccioli,42.31809,9.0025398,10,2006,0.433663091,0.672324147,0.364392123,0.130578595,0.59820565,0.299176009,-0.000176657,0.598528676,0.377424757,0.75330342,0.001546095,0.500773047,1,0.001546095,0.74181688,0.883882015,0.599751745,0.799949057,0.999823343,0.60007477,difficult
181_rgb.png,Bonassa,42.4295543,8.8096841,10,2005,0.160035357,0.774053572,0.138684231,0.110599356,0.166769107,0.086398199,0.048571798,0.1242246,0.742008244,0.792422315,0.691594172,0.84402642,0.936928581,0.751124259,0.880692475,0.903021671,0.858363279,0.930424619,0.985500379,0.875348859,easy
148_rgb.png,Bonassa,42.4295543,8.8096841,1,2011,0.160035357,0.774053572,0.263692987,0.076741139,0.450644835,0.226137682,0.005550182,0.446725183,0.538273922,0.86089819,0.215649655,0.608110468,0.993517637,0.222703298,0.801966909,0.937639329,0.66629449,0.83424815,0.999067819,0.669428481,difficult
147_rgb.png,Bonassa,42.4295543,8.8096841,1,2011,0.160035357,0.774053572,0.412343056,0.167576262,0.657109849,0.350128123,-0.007366297,0.707622544,0.4399519,0.755812857,0.124090942,0.556372721,0.98226924,0.130476203,0.852294955,0.923389119,0.781200791,0.906500844,0.974902943,0.838098746,difficult
138_rgb.png,Bonassa,42.4295543,8.8096841,1,2011,0.160035357,0.774053572,0.403111358,0.241148058,0.565074657,0.29030121,0.007696637,0.572905783,0.438590777,0.633227739,0.243953816,0.614951793,0.978880375,0.251023211,0.841702135,0.874375797,0.809028473,0.905253003,0.986577011,0.823928994,difficult
120_rgb.png,Bonassa,42.4295543,8.8096841,10,2012,0.160035357,0.774053572,0.404675527,0.167136258,0.642214796,0.326177856,-0.013056727,0.66541244,0.383464959,0.714226583,0.052703336,0.525882171,0.99892658,0.052837761,0.788140487,0.881362841,0.694918132,0.852060027,0.985869853,0.718250201,difficult
205_rgb.png,Aullene,41.7728535,9.0805599,7,2009,0.544359654,0.174706565,-0.12764565,-0.285056863,0.029765563,0.220573382,-0.295031192,0.736177955,0.49386057,0.987721139,0,0.5,1,0,0.36621492,0.702664276,0.029765563,0.720573382,0.704968808,0.736177955,difficult
204_rgb.png,Aullene,41.7728535,9.0805599,7,2009,0.544359654,0.174706565,0.04025099,0.003477682,0.077024299,0.089207928,-0.010918225,0.189334081,0.75090218,0.952448926,0.549355435,0.856213673,0.972229731,0.740197615,0.791153171,0.955926607,0.626379734,0.945421601,0.961311506,0.929531696,easy
203_rgb.png,Aullene,41.7728535,9.0805599,7,2009,0.544359654,0.174706565,0.145241695,0.010150564,0.280332827,0.171152196,-0.003262088,0.345566479,0.736886301,0.980123166,0.493649435,0.748264354,0.999747583,0.496781125,0.882127996,0.99027373,0.773982262,0.91941655,0.996485495,0.842347604,easy
202_rgb.png,Aullene,41.7728535,9.0805599,7,2009,0.544359654,0.174706565,0.202361972,0.010975696,0.393748248,0.323441376,-0.072033197,0.718915949,0.524114829,0.896063311,0.152166348,0.576686579,0.993237652,0.160135506,0.726476802,0.907039007,0.545914596,0.900127955,0.921204455,0.879051456,difficult
201_rgb.png,Aullene,41.7728535,9.0805599,7,2009,0.544359654,0.174706565,-0.382215525,-0.769235535,0.004804486,0.061269053,-0.773289444,0.895827551,0.49792383,0.995847659,0,0.5,1,0,0.115708305,0.226612124,0.004804486,0.561269053,0.226710556,0.895827551,difficult
279_rgb.png,Asco,42.4542774,9.0341777,4,2014,0.478551611,0.796617449,-2.95E-05,-0.01594561,0.015886675,0.079722625,-0.016250211,0.175695461,0.499193582,0.998387163,0,0.5,1,0,0.499164114,0.982441554,0.015886675,0.579722625,0.983749789,0.175695461,easy
200_rgb.png,Asco,42.4542774,9.0341777,10,2006,0.478551611,0.796617449,0.16188123,0.04926386,0.2744986,0.154439645,-0.002298173,0.311177463,0.73562373,0.916537507,0.554709952,0.795135169,0.982442343,0.607827994,0.89750496,0.965801367,0.829208552,0.949574813,0.98014417,0.919005457,easy
199_rgb.png,Asco,42.4542774,9.0341777,10,2006,0.478551611,0.796617449,0.1267894,0.050326765,0.203252035,0.11002012,-0.001384637,0.221424876,0.770469074,0.905142611,0.635795538,0.830482129,0.982054671,0.678909587,0.897258475,0.955469376,0.839047573,0.940502248,0.980670034,0.900334463,easy
198_rgb.png,Asco,42.4542774,9.0341777,10,2006,0.478551611,0.796617449,0.541742647,0.22325419,0.860231104,0.431490462,-0.002142758,0.865123682,0.36317479,0.726349581,0,0.5,1,0,0.904917437,0.949603771,0.860231104,0.931490462,0.997857242,0.865123682,difficult
197_rgb.png,Asco,42.4542774,9.0341777,10,2006,0.478551611,0.796617449,0.206321639,0.114705458,0.29793782,0.151568276,0.003039847,0.300096705,0.675477532,0.809842281,0.541112783,0.771143897,0.987864375,0.55442342,0.88179917,0.924547738,0.839050602,0.922712173,0.990904222,0.854520125,easy
196_rgb.png,Asco,42.4542774,9.0341777,10,2006,0.478551611,0.796617449,0.254900066,0.053676188,0.456123943,0.232349862,0.012819916,0.451879807,0.625894958,0.923367103,0.328422813,0.688387702,0.978878421,0.397896983,0.880795024,0.977043291,0.784546756,0.920737563,0.991698337,0.84977679,difficult
